instant,dteday,season,yr,mnth,holiday,weekday,workingday,weathersit,temp,atemp,hum,windspeed,leaflets,price reduction,casual,registered,cnt,date_offset,season_clean,weekday_clean
154,2011-06-03,2.0,0,6,0,5,1,1,24.8,0.587133,53.12505,0.253121,991,0,898,4414,5312,283,2,4
685,2012-11-15,4.0,1,11,0,4,1,2,12.8667,0.324492,93.06255,0.15298699999999998,601,0,320,5125,5445,795,4,3
368,2012-01-03,1.0,1,1,0,2,1,1,6.0,0.126275,66.1875,0.365671,549,0,89,2147,2236,1083,1,1
472,2012-04-16,2.0,1,4,1,1,0,1,26.5667,0.614925,84.25005,0.284829,740,0,1198,5172,6370,96,2,0
442,2012-03-17,1.0,1,3,0,-1,0,2,20.5667,0.505046,113.37495,0.110704,773,1,3155,4681,7836,1297,1,5
257,2011-09-14,3.0,0,9,0,3,1,1,26.9333,0.6269,104.56245,0.1673,761,0,647,4138,4785,594,3,2
413,2012-02-17,1.0,1,2,0,5,1,1,13.7333,0.351629,,0.205846,877,1,349,3805,4154,1197,1,4
643,2012-10-04,4.0,1,10,0,4,1,2,26.3,0.607975,108.43755,0.117546,479,0,891,6437,7328,684,4,3
274,2011-10-01,,0,10,0,6,0,2,16.4,0.412863,113.0625,0.292296,628,0,480,1949,2429,681,4,5
129,2011-05-09,2.0,0,5,0,1,1,1,21.3,0.525246,88.3125,0.17600000000000002,838,0,664,3698,4362,189,2,0
175,2011-06-24,3.0,0,6,0,5,1,1,28.9667,0.656583,85.99995,0.222025,779,0,969,4022,4991,304,3,4
213,2011-08-01,3.0,0,8,0,1,1,1,30.8667,0.703292,,0.156717,533,0,729,3537,4266,481,3,0
533,2012-06-16,2.0,1,6,0,6,0,1,25.2667,0.594708,75.62505,0.166667,932,0,2963,4739,7702,296,2,5
590,2012-08-12,3.0,1,8,0,0,0,1,28.0333,0.644579,79.56255,0.122512,513,0,2182,4362,6544,492,3,6
221,2011-08-09,3.0,0,8,0,2,1,1,31.0,0.724121,85.56255,0.151121,464,0,907,3695,4602,489,3,1
269,2011-09-26,,0,9,0,1,1,2,25.9667,0.589042,127.24995,0.1107,495,1,684,3946,4630,606,4,0
417,2012-02-21,1.0,1,2,0,2,1,1,11.513,0.295113,89.1522,0.205717,587,0,163,3614,3777,1201,1,1
30,2011-01-30,1.0,0,1,0,0,0,1,8.6609,0.250322,108.3261,0.0739826,548,0,140,956,1096,1110,1,6
565,2012-07-18,3.0,1,7,0,3,1,1,31.7333,0.745583,86.56245,0.137442,977,0,799,4914,5713,398,3,2
594,2012-08-16,3.0,1,8,0,4,1,1,28.7667,0.654688,77.87505,0.141796,755,0,1338,6267,7605,496,3,3
135,2011-05-15,2.0,0,5,0,0,0,2,22.5,0.536,130.06245,0.152979,1024,0,1582,2971,4553,195,2,6
425,2012-02-29,1.0,1,2,0,3,1,2,13.7739,0.34847,120.71745,0.179117,629,0,65,1769,1834,1209,1,2
227,2011-08-15,3.0,0,8,0,1,1,1,26.6333,0.616167,106.81245,0.208954,815,0,775,3563,4338,495,3,0
502,2012-05-16,2.0,1,5,0,3,1,1,25.4667,0.595975,104.68755,0.122512,588,0,991,6433,7424,196,2,2
524,2012-06-07,2.0,1,6,0,4,1,1,24.1,0.569442,,0.15735,537,0,1038,6456,7494,287,2,3
188,2011-07-07,3.0,0,7,0,4,1,1,30.0,0.686871,,0.1592,723,0,754,3838,4592,387,3,3
9,2011-01-09,1.0,0,1,0,0,0,1,5.5333,0.116175,65.12505,0.36195,836,0,54,768,822,1089,1,6
378,2012-01-13,1.0,1,1,0,5,1,1,10.9667,0.249362,76.125,0.378108,911,0,174,3040,3214,1093,1,4
722,2012-12-22,1.0,1,12,0,6,0,1,10.6333,0.236113,66.1875,0.407346,572,0,205,1544,1749,902,1,5
4,2011-01-04,1.0,0,1,0,2,1,1,8.0,0.212122,88.56525,0.160296,734,0,108,1454,1562,1084,1,1
557,2012-07-10,,1,7,0,2,1,2,28.8333,0.664796,100.125,0.15173699999999998,516,1,954,5336,6290,390,3,1
144,2011-05-24,2.0,0,5,0,2,1,2,26.4,0.604813,111.12495,0.207092,829,0,659,3833,4492,204,2,1
481,2012-04-25,2.0,1,4,0,3,1,1,19.0667,0.470317,64.18755,0.118792,636,0,655,5541,6196,105,2,2
578,2012-07-31,3.0,1,7,0,2,1,1,28.5333,0.662896,105.62505,0.165425,864,0,968,6248,7216,411,3,1
564,2012-07-17,3.0,1,7,0,2,1,1,32.7333,0.755683,75.87495,0.114429,809,0,921,5865,6786,397,3,1
683,2012-11-13,,1,11,0,2,1,2,13.7333,0.323225,99.43755,0.342046,542,0,327,3767,4094,793,4,1
699,2012-11-29,4.0,1,11,0,4,1,1,11.2348,0.298422,83.3478,0.115522,509,0,243,5080,5323,809,4,3
637,2012-09-28,4.0,1,9,0,5,1,2,24.7667,0.585863,103.5,0.164179,658,0,1045,6370,7415,608,4,4
548,2012-07-01,3.0,1,7,0,0,0,1,32.6333,0.750629,,0.16852899999999998,860,1,1421,4110,5531,381,3,6
261,2011-09-18,3.0,0,9,0,0,0,1,20.3,0.490537,104.25,0.178483,750,1,1353,2921,4274,598,3,6
626,2012-09-17,3.0,1,9,0,1,1,2,23.2333,0.55305,110.18745,0.15174200000000002,848,0,1022,5847,6869,597,3,0
681,2012-11-11,4.0,1,11,0,0,0,1,16.8333,0.421713,98.87505,0.1275,783,0,2290,4562,6852,791,4,6
397,2012-02-01,1.0,1,2,0,3,1,1,18.7667,0.466538,76.18755,0.189067,787,0,304,4275,4579,1181,1,2
8,2011-01-08,1.0,0,1,0,6,0,2,6.6,0.162254,80.37495,0.266804,990,0,68,891,959,1088,1,5
354,2011-12-20,4.0,0,12,0,2,1,2,15.4333,0.396454,89.31255,0.061570800000000016,867,1,216,3534,3750,900,4,1
304,2011-10-31,4.0,0,10,0,1,1,1,13.6,0.356063,105.49995,0.10635,720,0,362,3307,3669,711,4,0
597,2012-08-19,3.0,1,8,0,0,0,2,25.4333,0.603554,,0.08645,540,0,1208,3341,4549,499,3,6
464,2012-04-08,,1,4,0,0,0,1,20.0,0.492425,41.37495,0.232596,557,1,2230,2939,5169,88,2,6
119,2011-04-29,2.0,0,4,0,5,1,1,20.4,0.497463,68.56245,0.240063,911,1,878,3717,4595,109,2,4
132,2011-05-12,2.0,0,5,0,4,1,1,21.4,0.523363,,0.189667,983,0,695,4169,4864,192,2,3
562,2012-07-15,,1,7,0,0,0,1,29.8333,0.705196,107.68755,0.166667,690,1,1920,4111,6031,395,3,6
441,2012-03-16,1.0,1,3,0,5,1,2,17.4333,0.436229,126.31245,0.113192,585,0,548,3830,4378,1296,1,4
608,2012-08-30,3.0,1,8,0,4,1,1,28.2667,0.652779,88.56255,0.0771167,592,0,1172,6541,7713,510,3,3
163,2011-06-12,2.0,0,6,0,0,0,1,27.7,0.643325,112.18755,0.16356700000000002,495,0,1467,2993,4460,292,2,6
44,2011-02-13,1.0,0,2,0,0,0,1,12.6609,0.324113,68.60865,0.260883,686,1,397,1192,1589,1193,1,6
367,2012-01-02,1.0,1,1,1,1,0,1,10.9217,0.252304,57.1956,0.329665,989,0,244,1707,1951,1082,1,0
529,2012-06-12,2.0,1,6,0,2,1,2,26.1333,0.597875,124.99995,0.214546,777,0,477,4495,4972,292,2,1
669,2012-10-30,4.0,1,10,0,2,1,2,12.7273,0.309909,123.81825,0.213009,846,0,87,1009,1096,710,4,1
321,2011-11-17,4.0,0,11,0,4,1,2,13.6667,0.323221,86.37495,0.305362,532,0,139,2914,3053,797,4,3
232,2011-08-20,,0,8,0,6,0,1,27.9,0.648996,101.12505,0.104467,675,0,1914,3277,5191,500,3,5
702,2012-12-02,4.0,1,12,0,0,0,2,13.9,0.359208,123.49995,0.124379,702,0,892,3757,4649,882,4,6
303,2011-10-30,4.0,0,10,0,0,0,1,12.7667,0.321329,93.5625,0.176617,787,0,885,2446,3331,710,4,6
514,2012-05-28,2.0,1,5,1,1,0,1,28.5,0.6793,101.4375,0.196521,506,0,2557,3486,6043,208,2,0
501,2012-05-15,2.0,1,5,0,2,1,2,24.4667,0.576404,119.18745,0.147392,779,0,625,4490,5115,195,2,1
401,2012-02-05,1.0,1,2,0,0,0,2,10.6333,0.264521,103.18755,0.175996,769,0,318,2629,2947,1185,1,6
341,2011-12-07,4.0,0,12,0,3,1,3,16.4,0.400246,,0.266175,586,1,50,655,705,887,4,2
277,2011-10-04,4.0,0,10,0,2,1,1,19.3667,0.472858,106.5,0.205854,819,0,486,3970,4456,684,4,1
408,2012-02-12,1.0,1,2,0,0,0,1,5.1,0.101658,69.68745,0.409212,644,0,73,1456,1529,1192,1,6
682,2012-11-12,4.0,1,11,1,1,0,1,19.4,0.475383,111.25005,0.173517,793,0,1097,5172,6269,792,4,0
206,2011-07-25,3.0,0,7,0,1,1,1,29.7333,0.720958,113.56245,0.0908083,474,0,568,3272,3840,405,3,0
190,2011-07-09,3.0,0,7,0,6,0,1,29.3333,0.664158,91.37505,0.16791199999999998,755,0,1988,3348,5336,389,3,5
202,2011-07-21,3.0,0,7,0,4,1,2,32.6,0.826371,103.6875,0.222021,788,0,632,3152,3784,401,3,3
620,2012-09-11,,1,9,0,2,1,1,23.1,0.554292,78.0,0.0920542,469,0,1070,6697,7767,591,3,1
100,2011-04-10,2.0,0,4,0,0,0,2,17.0667,0.426737,128.625,0.146767,661,0,1188,1707,2895,90,2,6
312,2011-11-08,4.0,0,11,0,-1,1,1,16.3333,0.412246,108.25005,0.0690375,686,0,376,3829,4205,788,4,1
554,2012-07-07,3.0,1,7,0,6,0,1,34.4667,0.804913,73.81245,0.163554,834,0,1448,3392,4840,387,3,5
208,2011-07-27,,0,7,0,3,1,1,31.0,0.690667,60.43755,0.183463,654,0,755,3901,4656,407,3,2
661,2012-10-22,4.0,1,10,0,1,1,1,19.5,0.482942,85.24995,0.08148330000000001,599,0,830,6228,7058,702,4,0
162,2011-06-11,2.0,0,6,0,6,0,1,29.0,0.678038,98.18745,0.15485,841,0,1729,3237,4966,291,2,5
316,2011-11-12,4.0,0,11,0,-1,0,1,14.2667,0.357942,82.93755,0.212062,598,0,1275,2792,4067,792,4,5
353,2011-12-19,4.0,0,12,0,1,1,1,11.0667,0.280933,95.625,0.172896,703,0,260,3143,3403,899,4,0
726,2012-12-26,1.0,1,12,0,3,1,3,9.7333,0.220333,123.49995,0.316546,701,0,9,432,441,906,1,2
654,2012-10-15,4.0,1,10,0,1,1,2,22.4667,0.53915,,0.296037,598,0,760,5115,5875,695,4,0
599,2012-08-21,3.0,1,8,0,2,1,1,25.9667,0.601025,101.0625,0.07277080000000001,964,0,1081,5925,7006,501,3,1
680,2012-11-10,,1,11,0,6,0,1,15.5667,0.393937,96.81255,0.05784580000000001,901,0,2090,4446,6536,790,4,5
447,2012-03-22,2.0,1,3,0,4,1,1,22.1667,0.531567,124.6875,0.117562,750,0,1334,5537,6871,2,2,3
339,2011-12-05,,0,12,0,1,1,2,15.4333,0.393925,124.06245,0.062208300000000015,628,0,233,3578,3811,885,4,0
512,2012-05-26,2.0,1,5,0,6,0,1,27.7,0.642696,109.875,0.198992,869,0,2855,3681,6536,206,2,5
420,2012-02-24,1.0,1,2,0,5,1,2,16.3,0.410971,110.625,0.237567,944,0,246,3241,3487,1204,1,4
248,2011-09-05,3.0,0,9,1,1,0,2,26.9333,0.625646,118.56255,0.212696,887,1,1236,2115,3351,585,3,0
1,2011-01-01,,0,1,0,6,0,2,13.7667,0.363625,120.87495,0.160446,755,0,331,654,985,1081,1,5
648,2012-10-09,4.0,1,10,0,2,1,2,17.8667,0.438112,114.25005,0.1903,611,0,601,5791,6392,689,4,1
313,2011-11-09,4.0,0,11,0,-1,1,1,16.0,0.409079,113.74995,0.06219580000000001,864,0,305,3804,4109,789,4,2
88,2011-03-29,2.0,0,3,0,2,1,1,12.1,0.292908,47.12505,0.226996,829,0,317,2108,2425,9,2,1
83,2011-03-24,2.0,0,3,0,4,1,2,11.4,0.270833,120.87495,0.243787,861,0,166,1699,1865,4,2,3
305,2011-11-01,4.0,0,11,0,2,1,1,16.0333,0.397088,102.5625,0.135571,675,0,410,3658,4068,781,4,1
465,2012-04-09,2.0,1,4,0,1,1,1,19.5667,0.476638,47.625,0.358196,585,1,905,4680,5585,89,2,0
488,2012-05-02,2.0,1,5,0,3,1,1,22.5667,0.537896,119.56245,0.138058,813,0,667,5502,6169,182,2,2
615,2012-09-06,,1,9,0,4,1,2,27.8667,0.655329,121.56255,0.142421,598,1,611,5592,6203,586,3,3
712,2012-12-12,4.0,1,12,0,3,1,2,11.9,0.297338,80.74995,0.162937,802,1,310,5009,5319,892,4,2
541,2012-06-24,3.0,1,6,0,0,0,1,29.7333,0.674254,71.87505,0.145525,731,0,2551,4340,6891,304,3,6
510,2012-05-24,,1,5,0,4,1,1,26.2,0.6067,107.50005,0.172896,706,0,1059,5711,6770,204,2,3
157,2011-06-06,2.0,0,6,0,1,1,1,27.1333,0.621858,90.0,0.121896,912,0,673,3875,4548,286,2,0
373,2012-01-08,1.0,1,1,0,0,0,1,13.5,0.340258,69.75,0.191542,969,0,599,2826,3425,1088,1,6
161,2011-06-10,2.0,0,6,0,5,1,1,30.2,0.703292,90.75,0.14055399999999998,840,0,815,3771,4586,290,2,4
314,2011-11-10,4.0,0,11,0,-1,1,2,15.2,0.373721,121.99995,0.189067,684,1,190,2743,2933,790,4,3
179,2011-06-28,3.0,0,6,0,2,1,1,29.7667,0.692558,95.12505,0.144283,997,0,732,3916,4648,308,3,1
716,2012-12-16,,1,12,0,0,0,2,14.5,0.369938,125.8125,0.100742,491,0,538,3248,3786,896,4,6
398,2012-02-02,1.0,1,2,0,4,1,2,15.9667,0.398971,,0.187187,547,0,190,3571,3761,1182,1,3
229,2011-08-17,3.0,0,8,0,3,1,1,28.9333,0.666671,86.31255,0.14366700000000002,905,0,668,4026,4694,497,3,2
439,2012-03-14,1.0,1,3,0,3,1,1,22.9,0.548617,76.06245,0.11506199999999997,887,0,997,5315,6312,1294,1,2
103,2011-04-13,2.0,0,4,0,3,1,2,16.5,0.417283,122.87505,0.25061700000000003,694,1,209,1953,2162,93,2,2
545,2012-06-28,3.0,1,6,0,4,1,1,29.9667,0.675512,63.375,0.17165,772,0,921,5958,6879,308,3,3
596,2012-08-18,3.0,1,8,0,6,0,1,27.1333,0.618071,90.49995,0.177867,507,0,2827,5038,7865,498,3,5
315,2011-11-11,4.0,0,11,1,-1,0,1,12.9667,0.306817,66.9375,0.314675,617,0,440,2928,3368,791,4,4
694,2012-11-24,4.0,1,11,0,6,0,1,11.1333,0.248742,,0.376871,496,0,532,1745,2277,804,4,5
540,2012-06-23,3.0,1,6,0,6,0,1,29.2667,0.652792,80.18745,0.179721,978,1,2657,4801,7458,303,3,5
490,2012-05-04,2.0,1,5,0,5,1,1,25.1,0.590917,110.31255,0.162938,476,0,1069,5227,6296,184,2,4
588,2012-08-10,3.0,1,8,0,5,1,2,28.6333,0.667942,107.37495,0.238813,733,0,1065,4721,5786,490,3,4
656,2012-10-17,4.0,1,10,0,3,1,1,18.2333,0.450108,,0.101371,492,1,979,6482,7461,697,4,2
92,2011-04-02,2.0,0,4,0,6,0,2,12.6,0.315637,98.0625,0.197146,672,0,898,1354,2252,82,2,5
359,2011-12-25,1.0,0,12,0,0,0,1,10.9913,0.279961,102.1956,0.155091,989,0,303,451,754,905,1,6
496,2012-05-10,2.0,1,5,0,4,1,1,20.2333,0.491783,82.81245,0.31406300000000004,550,0,1026,5546,6572,190,2,3
362,2011-12-28,1.0,0,12,0,3,1,1,11.9652,0.279974,75.58695,0.29396100000000003,840,0,255,2047,2302,908,1,2
254,2011-09-11,3.0,0,9,0,0,0,1,26.1333,0.609229,107.0625,0.115054,1005,0,1633,3413,5046,591,3,6
421,2012-02-25,1.0,1,2,0,6,0,1,11.6333,0.255675,59.37495,0.421642,669,0,317,2415,2732,1205,1,5
296,2011-10-23,4.0,0,10,0,0,0,1,16.8667,0.422333,111.1875,0.0995125,607,0,1619,2762,4381,703,4,6
639,2012-09-30,4.0,1,9,0,0,0,1,21.0667,0.517663,87.49995,0.134958,952,0,2015,4874,6889,610,4,6
146,2011-05-26,2.0,0,5,0,4,1,1,28.3333,0.654688,101.625,0.199642,720,0,758,3919,4677,206,2,3
197,2011-07-16,3.0,0,7,0,6,0,1,27.4667,0.638263,87.75,-1.0,731,0,2418,3505,5923,396,3,5
619,2012-09-10,3.0,1,9,0,1,1,1,23.3333,0.565654,75.5625,0.258713,748,0,1118,6407,7525,590,3,0
252,2011-09-09,3.0,0,9,0,5,1,2,26.0,0.578946,134.68755,0.124379,1002,0,417,3127,3544,589,3,4
241,2011-08-29,3.0,0,8,0,1,1,1,25.4667,0.607958,83.18745,0.159825,587,0,729,3905,4634,509,3,0
357,2011-12-23,1.0,0,12,0,5,1,1,14.9333,0.377513,102.9375,0.274246,762,0,163,2046,2209,903,1,4
185,2011-07-04,3.0,0,7,1,1,0,2,29.0667,0.665417,95.68755,0.08147919999999999,749,0,3065,2978,6043,384,3,0
361,2011-12-27,1.0,0,12,0,2,1,2,13.0,0.327633,114.375,0.18845,517,0,103,1059,1162,907,1,1
471,2012-04-15,2.0,1,4,0,0,0,1,24.2667,0.573875,76.18755,0.225129,554,0,2846,4286,7132,95,2,6
65,2011-03-06,1.0,0,3,0,0,0,2,15.0609,0.366252,142.23915,0.343287,667,0,114,491,605,1286,1,6
698,2012-11-28,4.0,1,11,0,3,1,1,11.8667,0.289762,75.9375,0.210821,935,1,198,5062,5260,808,4,2
189,2011-07-08,3.0,0,7,0,5,1,2,28.3667,0.6704829999999999,113.68755,0.225129,1015,0,692,3348,4040,388,3,4
641,2012-10-02,4.0,1,10,0,2,1,3,23.6333,0.542333,130.75005,0.104475,499,0,315,4324,4639,682,4,1
255,2011-09-12,3.0,0,9,0,1,1,1,25.7739,0.60213,103.8261,0.088913,532,0,690,4023,4713,592,3,0
473,2012-04-17,2.0,1,4,0,2,1,1,24.3333,0.598487,58.56255,0.273629,633,0,989,5702,6691,97,2,1
509,2012-05-23,2.0,1,5,0,3,1,2,24.8667,0.584612,116.18745,0.102,873,0,766,4494,5260,203,2,2
67,2011-03-08,1.0,0,3,0,2,1,1,11.7,0.3024,63.12495,0.12065,924,0,316,1817,2133,1288,1,1
240,2011-08-28,3.0,0,8,0,0,0,1,28.2824,0.6479590000000001,84.26475,0.304659,615,0,1415,2919,4334,508,3,6
71,2011-03-12,1.0,0,3,0,6,0,1,13.1667,0.32575,89.18745,0.220775,580,0,724,1408,2132,1292,1,5
485,2012-04-29,2.0,1,4,0,0,0,1,18.3333,0.450121,88.06245,0.116908,869,0,2229,4075,6304,109,2,6
652,2012-10-13,4.0,1,10,0,6,0,1,15.7333,0.391396,74.18745,0.146142,632,0,2252,4857,7109,693,4,5
721,2012-12-21,1.0,1,12,0,5,1,2,13.0667,0.301767,83.50005,0.374383,881,0,221,3402,3623,901,1,4
242,2011-08-30,3.0,0,8,0,2,1,1,25.5667,0.594704,82.24995,0.12500799999999998,576,1,775,4429,5204,510,3,1
234,2011-08-22,3.0,0,8,0,1,1,1,27.6667,0.638254,70.5,0.27675,990,0,833,3925,4758,502,3,0
66,2011-03-07,1.0,0,3,0,1,1,1,10.4696,0.238461,82.6956,0.341352,981,1,244,1628,1872,1287,1,0
725,2012-12-25,1.0,1,12,1,2,0,2,11.6522,0.29446500000000003,,0.168726,699,0,440,573,1013,905,1,1
102,2011-04-12,2.0,0,4,0,2,1,2,20.1,0.493054,110.87505,0.274879,813,0,257,1777,2034,92,2,1
13,2011-01-13,1.0,0,1,0,4,1,1,6.6,0.150883,70.56255,0.301,572,1,38,1368,1406,1093,1,3
399,2012-02-03,,1,2,0,5,1,1,12.5333,0.309346,79.00005,0.17849600000000002,860,0,310,3841,4151,1183,1,4
342,2011-12-08,4.0,0,12,0,4,1,1,10.6333,0.256938,87.0,0.240058,573,0,150,3172,3322,888,4,3
713,2012-12-13,,1,12,0,4,1,1,11.8333,0.294188,72.87495,0.174129,676,0,425,5107,5532,893,4,3
253,2011-09-10,3.0,0,9,0,6,0,1,26.4,0.607962,113.0625,0.153608,560,0,1750,3595,5345,590,3,5
184,2011-07-03,,0,7,0,0,0,2,28.6667,0.668575,102.375,0.228858,722,0,2282,2367,4649,383,3,6
214,2011-08-02,3.0,0,8,0,2,1,1,31.3333,0.707071,73.6875,0.20585,617,0,801,4044,4845,482,3,1
272,2011-09-29,4.0,0,9,0,4,1,1,24.6667,0.574512,104.87505,0.17288299999999998,920,0,653,4186,4839,609,4,3
582,2012-08-04,3.0,1,8,0,6,0,1,31.7333,0.751267,91.99995,0.257458,606,0,2345,4479,6824,484,3,5
267,2011-09-24,4.0,0,9,0,6,0,2,24.2667,0.564412,129.375,0.0783833,968,0,1776,3647,5423,604,4,5
433,2012-03-08,1.0,1,3,0,4,1,1,21.1,0.524604,85.125,0.441563,870,0,486,4896,5382,1288,1,3
358,2011-12-24,1.0,0,12,0,6,0,1,12.1,0.299242,81.375,0.190304,803,0,155,856,1011,904,1,5
97,2011-04-07,2.0,0,4,0,4,1,1,17.5,0.433696,90.43755,0.16231199999999998,929,0,571,2570,3141,87,2,3
363,2011-12-29,1.0,0,12,0,4,1,1,9.9333,0.263892,86.12505,0.119412,728,0,254,2169,2423,909,1,3
31,2011-01-31,,0,1,0,1,1,2,7.2333,0.18625,90.5625,0.187192,901,0,42,1459,1501,1111,1,0
117,2011-04-27,2.0,0,4,0,3,1,2,24.8,0.575142,125.31255,0.3122,849,1,547,3325,3872,107,2,2
332,2011-11-28,4.0,0,11,0,1,1,1,20.1391,0.490122,111.45645,0.142122,637,0,253,3614,3867,808,4,0
424,2012-02-28,1.0,1,2,0,2,1,1,14.3667,0.353525,59.37495,0.193417,595,0,229,4134,4363,1208,1,1
489,2012-05-03,2.0,1,5,0,4,1,2,22.4,0.537242,115.24995,0.133696,908,1,764,5657,6421,183,2,3
428,2012-03-03,1.0,1,3,0,6,0,2,16.5667,0.413492,93.1875,0.161079,642,0,956,3110,4066,1283,1,5
406,2012-02-10,1.0,1,2,0,5,1,2,11.2333,0.293558,81.0,0.116929,764,0,227,3604,3831,1190,1,4
193,2011-07-12,3.0,0,7,0,2,1,1,31.7667,0.739275,83.87505,0.200254,670,0,662,3596,4258,392,3,1
415,2012-02-19,1.0,1,2,0,0,0,2,11.2,0.265788,77.37495,0.253112,838,0,618,2071,2689,1199,1,6
508,2012-05-22,2.0,1,5,0,2,1,2,24.6,0.580825,114.87495,0.118167,576,0,819,5254,6073,202,2,1
385,2012-01-20,1.0,1,1,0,5,1,2,8.7,0.220958,67.5,0.20275,584,0,115,3048,3163,1100,1,4
498,2012-05-12,2.0,1,5,0,6,0,1,22.5667,0.544817,72.06255,0.123133,813,0,2622,4807,7429,192,2,5
372,2012-01-07,,1,1,0,6,0,1,15.7333,0.390779,79.75005,0.174758,827,0,1070,3451,4521,1087,1,5
503,2012-05-17,2.0,1,5,0,4,1,1,23.7333,0.572613,78.0,0.229475,882,0,1242,6142,7384,197,2,3
477,2012-04-21,2.0,1,4,0,6,0,1,22.8,0.542921,102.43755,0.283587,524,0,2541,4083,6624,101,2,5
20,2011-01-20,1.0,0,1,0,4,1,2,10.4667,0.25505,,0.195904,992,0,83,1844,1927,1100,1,3
440,2012-03-15,,1,3,0,4,1,1,22.3,0.532825,86.93745,0.149883,624,0,1005,5187,6192,1295,1,3
55,2011-02-24,1.0,0,2,0,4,1,2,11.8261,0.289191,104.60865,0.250496,759,0,100,1707,1807,1204,1,3
587,2012-08-09,3.0,1,8,0,4,1,1,30.2333,0.699508,93.06255,0.1561,1006,1,1196,6090,7286,489,3,3
70,2011-03-11,1.0,0,3,0,5,1,2,12.6609,0.305,97.43475,0.23297,487,1,247,1730,1977,1291,1,4
550,2012-07-03,3.0,1,7,0,2,1,1,31.2333,0.70265,73.81245,0.126237,790,0,1052,5608,6660,383,3,1
110,2011-04-20,2.0,0,4,0,3,1,1,23.8,0.564392,92.12505,0.241925,750,1,613,3331,3944,100,2,2
243,2011-08-31,,0,8,0,3,1,1,26.2667,0.611121,89.68755,0.08333330000000001,628,0,688,4370,5058,511,3,2
469,2012-04-13,2.0,1,4,0,5,1,1,17.7,0.431808,61.24995,0.155471,965,0,1252,5146,6398,93,2,4
59,2011-02-28,1.0,0,2,0,1,1,2,16.2909,0.400118,,0.289686,471,1,81,1365,1446,1208,1,0
151,2011-05-31,2.0,0,5,0,2,1,1,31.0,0.725383,95.50005,0.111329,843,0,673,3309,3982,211,2,1
32,2011-02-01,1.0,0,2,0,2,1,2,7.687,0.23453,124.43475,0.053213,914,0,47,1313,1360,1181,1,1
169,2011-06-18,2.0,0,6,0,6,0,1,27.8667,0.643954,100.56255,0.119408,617,0,1807,3312,5119,298,2,5
517,2012-05-31,2.0,1,5,0,4,1,1,27.2,0.631329,73.93755,0.195279,986,0,1100,6238,7338,211,2,3
696,2012-11-26,4.0,1,11,0,1,1,1,12.5333,0.339004,80.31255,0.04665,1025,0,337,4750,5087,806,4,0
690,2012-11-20,4.0,1,11,0,2,1,2,14.9667,0.380667,102.75,0.082725,796,0,534,5100,5634,800,4,1
455,2012-03-30,2.0,1,3,0,5,1,2,14.8,0.375621,87.12495,0.138067,1016,0,796,4663,5459,10,2,4
506,2012-05-20,2.0,1,5,0,0,0,1,24.8333,0.583967,79.56255,0.254367,783,0,2704,4425,7129,200,2,6
91,2011-04-01,2.0,0,4,0,5,1,2,12.0,0.283454,102.9375,0.258708,699,1,307,1920,2227,81,2,4
260,2011-09-17,3.0,0,9,0,6,0,2,19.6667,0.478512,107.74995,0.189675,939,1,1434,3077,4511,597,3,5
317,2011-11-13,4.0,0,11,0,-1,0,1,17.6333,0.43055,68.74995,0.281721,829,0,1004,2713,3717,793,4,6
145,2011-05-25,2.0,0,5,0,3,1,1,26.4333,0.615542,104.4375,0.15423299999999998,702,0,740,4238,4978,205,2,2
695,2012-11-25,4.0,1,11,0,0,0,1,9.8333,0.257583,70.24995,0.1505,728,0,309,2115,2424,805,4,6
595,2012-08-17,3.0,1,8,0,5,1,1,28.9333,0.2424,85.62495,0.231354,887,0,1483,5665,7148,497,3,4
519,2012-06-02,2.0,1,6,0,6,0,1,23.3333,0.566288,82.37505,0.186562,743,0,2795,5325,8120,282,2,5
427,2012-03-02,1.0,1,3,0,5,1,2,14.1333,0.359842,98.56245,0.144904,867,0,246,2948,3194,1282,1,4
515,2012-05-29,2.0,1,5,0,2,1,1,28.9,0.672992,102.68745,0.2954,598,1,880,4863,5743,209,2,1
670,2012-10-31,4.0,1,10,0,3,1,2,14.3,0.3611,100.00005,0.166667,747,0,419,5147,5566,711,4,2
284,2011-10-11,4.0,0,10,0,2,1,2,22.6667,0.546096,121.3125,0.143042,800,0,667,3896,4563,691,4,1
3,2011-01-03,,0,1,0,1,1,1,7.8546,0.189405,65.59095,0.248309,829,0,120,1229,1349,1083,1,0
49,2011-02-18,1.0,0,2,0,5,1,1,20.8667,0.511983,77.50005,0.264925,681,0,579,2348,2927,1198,1,4
673,2012-11-03,4.0,1,11,0,6,0,2,13.7333,0.323846,73.6875,0.270529,827,0,1029,4109,5138,783,4,5
323,2011-11-19,,0,11,0,6,0,1,13.1667,0.324483,75.31245,0.224496,1003,0,943,2720,3663,799,4,5
676,2012-11-06,4.0,1,11,0,2,1,1,11.2333,0.281567,85.06245,0.173513,677,0,466,5220,5686,786,4,1
142,2011-05-22,,0,5,0,0,0,1,24.1667,0.5745,112.43745,0.148008,703,0,1576,3084,4660,202,2,6
211,2011-07-30,3.0,0,7,0,6,0,1,32.1667,0.728537,69.87495,0.168537,637,0,1559,2916,4475,410,3,5
437,2012-03-12,1.0,1,3,0,1,1,1,18.6667,0.459592,73.37505,0.207713,497,0,838,4460,5298,1292,1,0
12,2011-01-12,1.0,0,1,0,3,1,1,6.9091,0.160473,89.93175,0.304627,889,0,25,1137,1162,1092,1,2
598,2012-08-20,3.0,1,8,0,1,1,2,25.4333,0.595967,110.12505,0.12997899999999998,611,0,1026,5504,6530,500,3,0
343,2011-12-09,4.0,0,12,0,5,1,1,11.6333,0.317542,104.37495,0.08271669999999999,875,0,261,3359,3620,889,4,4
526,2012-06-09,2.0,1,6,0,6,0,1,28.4333,0.648367,65.56245,0.144287,593,0,2708,4790,7498,289,2,5
251,2011-09-08,3.0,0,9,0,-1,1,3,25.3565,0.555361,140.93475,0.192748,684,1,153,1689,1842,588,3,3
435,2012-03-10,1.0,1,3,0,6,0,1,11.5,0.277767,52.56255,0.22575,994,1,968,3150,4118,1290,1,5
593,2012-08-15,3.0,1,8,0,3,1,1,28.2667,0.654037,92.93745,0.169771,501,0,1198,6149,7347,495,3,2
394,2012-01-29,1.0,1,1,0,0,0,1,11.3,0.272721,46.6875,0.24005,836,0,558,2685,3243,1109,1,6
228,2011-08-16,3.0,0,8,0,2,1,1,28.0333,0.645837,86.74995,0.236329,1019,0,721,4004,4725,496,3,1
708,2012-12-08,4.0,1,12,0,6,0,2,15.2667,0.389508,136.6875,0.101379,620,0,1153,4429,5582,888,4,5
42,2011-02-11,1.0,0,2,0,5,1,1,7.5636,0.213509,75.9546,0.10855,946,0,149,1597,1746,1191,1,4
412,2012-02-16,1.0,1,2,0,4,1,2,12.6667,0.330162,112.93755,0.091425,632,0,74,2931,3005,1196,1,3
360,2011-12-26,1.0,0,12,1,1,0,1,12.8696,0.315535,76.04355,0.239465,465,0,430,887,1317,906,1,0
551,2012-07-04,3.0,1,7,1,3,0,1,31.5667,0.732337,80.8125,0.13495,702,0,2562,4841,7403,384,3,2
390,2012-01-25,1.0,1,1,0,3,1,1,11.7667,0.294821,96.5625,0.161071,465,0,467,3803,4270,1105,1,2
650,2012-10-11,4.0,1,10,0,4,1,1,17.4,0.431167,69.49995,0.181596,725,0,834,6736,7570,691,4,3
566,2012-07-19,3.0,1,7,0,4,1,1,30.8,0.714642,90.06255,0.165429,602,0,888,5703,6591,399,3,3
574,2012-07-27,3.0,1,7,0,5,1,1,31.2667,0.734217,89.18745,0.15299200000000002,948,0,1259,5645,6904,407,3,4
266,2011-09-23,4.0,0,9,0,5,1,2,24.3667,0.522125,145.875,0.0783667,612,0,258,2137,2395,603,4,4
627,2012-09-18,3.0,1,9,0,2,1,2,24.9333,0.565067,130.875,0.357587,795,0,371,3702,4073,598,3,1
109,2011-04-19,2.0,0,4,0,2,1,2,20.2333,0.489258,99.87495,0.157971,707,0,409,2795,3204,99,2,1
612,2012-09-03,3.0,1,9,1,1,0,1,28.3,0.661629,118.62495,0.151121,469,0,1965,4069,6034,583,3,0
63,2011-03-04,1.0,0,3,0,5,1,2,10.4667,0.255679,91.56255,0.203346,932,1,214,1730,1944,1284,1,4
542,2012-06-25,3.0,1,6,0,1,1,1,28.6333,0.654042,75.62505,0.300383,932,1,1139,5640,6779,305,3,0
636,2012-09-27,4.0,1,9,0,4,1,2,26.0,0.607975,103.62495,0.13434200000000002,472,0,751,6642,7393,607,4,3
167,2011-06-16,2.0,0,6,0,4,1,2,25.1333,0.595346,103.24995,0.206471,462,0,545,3222,3767,296,2,3
259,2011-09-16,3.0,0,9,0,5,1,2,18.7667,0.461475,88.56255,0.164183,467,0,742,4018,4760,596,3,4
87,2011-03-28,,0,3,0,1,1,1,10.5739,0.257574,45.3261,0.212204,870,0,222,1806,2028,8,2,0
603,2012-08-25,3.0,1,8,0,6,0,2,26.4667,0.618696,106.93755,0.244408,477,0,1829,4224,6053,505,3,5
701,2012-12-01,,1,12,0,6,0,2,11.9333,0.316904,121.00005,0.059704199999999985,602,0,951,4240,5191,881,4,5
337,2011-12-03,4.0,0,12,0,6,0,1,11.9667,0.310604,91.93755,0.0957833,473,0,706,2908,3614,883,4,5
40,2011-02-09,,0,2,0,3,1,2,5.3913,0.144283,74.21745,0.188839,474,0,53,1552,1605,1189,1,2
518,2012-06-01,,1,6,0,5,1,2,26.1667,0.607962,113.31255,0.237563,853,1,533,3594,4127,281,2,4
478,2012-04-22,2.0,1,4,0,-1,0,3,15.8667,0.389504,125.31255,0.344546,603,0,120,907,1027,102,2,6
396,2012-01-31,1.0,1,1,0,2,1,1,15.6,0.381317,62.50005,0.261817,963,0,324,4185,4509,1111,1,1
195,2011-07-14,3.0,0,7,0,4,1,1,27.2333,0.635104,71.4375,0.240667,711,1,888,4196,5084,394,3,3
268,2011-09-25,4.0,0,9,0,0,0,2,25.3667,0.572637,126.75,0.0503792,1030,0,1544,3466,5010,605,4,6
491,2012-05-05,2.0,1,5,0,6,0,2,24.8667,0.584608,113.50005,0.15299200000000002,1007,0,2496,4387,6883,185,2,5
278,2011-10-05,4.0,0,10,0,3,1,1,21.5333,0.527138,97.18755,0.17725,935,0,559,4267,4826,685,4,2
724,2012-12-24,1.0,1,12,0,1,1,2,9.2522,0.2589,,0.07723039999999999,1030,1,174,746,920,904,1,0
186,2011-07-05,3.0,0,7,0,2,1,1,29.8667,0.696338,88.56255,0.12625799999999998,874,0,1031,3634,4665,385,3,1
604,2012-08-26,3.0,1,8,0,0,0,2,26.1333,0.595996,126.87495,0.228858,644,0,1483,3772,5255,506,3,6
476,2012-04-20,2.0,1,4,0,5,1,1,21.0667,0.515775,104.18745,0.149871,507,0,1340,5950,7290,100,2,4
572,2012-07-25,3.0,1,7,0,3,1,1,28.9667,0.654054,67.5,0.1648,789,1,1383,6790,8173,405,3,2
231,2011-08-19,3.0,0,8,0,5,1,2,27.4,0.633221,108.43755,0.139308,687,0,797,3356,4153,499,3,4
280,2011-10-07,,0,10,0,5,1,1,20.4333,0.504404,102.62505,0.0223917,991,0,949,4036,4985,687,4,4
723,2012-12-23,1.0,1,12,0,0,0,1,9.8333,0.259471,77.31255,0.13308299999999998,490,0,408,1379,1787,903,1,6
95,2011-04-05,2.0,0,4,0,2,1,2,16.5667,0.39835,96.31245,0.388067,626,0,167,1628,1795,85,2,1
56,2011-02-25,1.0,0,2,0,5,1,2,14.5739,0.350461,,0.346539,493,0,120,1341,1461,1205,1,4
632,2012-09-23,4.0,1,9,0,0,0,1,21.1667,0.518933,70.06245,0.223258,888,0,2454,5453,7907,603,4,6
371,2012-01-06,1.0,1,1,0,5,1,1,13.3667,0.340267,81.31245,0.167908,559,0,307,3791,4098,1086,1,4
170,2011-06-19,2.0,0,6,0,-1,0,2,27.9667,0.645846,100.00005,0.102,1019,0,1639,3105,4744,299,2,6
218,2011-08-06,3.0,0,8,0,6,0,2,28.6667,0.676154,,0.22825,711,0,1521,2773,4294,486,3,5
155,2011-06-04,2.0,0,6,0,6,0,1,25.4,0.594696,68.4375,-1.0,624,0,1869,3473,5342,284,2,5
492,2012-05-06,2.0,1,5,0,0,0,2,22.5,0.546737,111.0,0.14987899999999998,527,0,2135,4224,6359,186,2,6
672,2012-11-02,4.0,1,11,0,5,1,1,14.2,0.356042,78.31245,0.266175,578,0,618,5229,5847,782,4,4
168,2011-06-17,2.0,0,6,0,5,1,1,25.9667,0.600383,110.37495,0.143029,659,1,863,3981,4844,297,2,4
389,2012-01-24,1.0,1,1,0,2,1,1,13.7,0.349108,,0.123767,866,0,439,3900,4339,1104,1,1
322,2011-11-18,4.0,0,11,0,5,1,1,10.9667,0.272721,61.5,0.168533,673,0,245,3147,3392,798,4,4
333,2011-11-29,4.0,0,11,0,2,1,2,18.3333,0.451375,124.62495,0.258092,767,0,96,2818,2914,809,4,1
126,2011-05-06,2.0,0,5,0,5,1,1,19.1667,0.474117,,0.228246,695,0,894,3714,4608,186,2,4
504,2012-05-18,2.0,1,5,0,5,1,1,22.5667,0.551121,78.49995,0.136817,550,0,1521,6118,7639,198,2,4
101,2011-04-11,2.0,0,4,0,1,1,2,23.8261,0.565217,107.5434,0.324474,799,0,855,2493,3348,91,2,0
456,2012-03-31,2.0,1,3,0,6,0,2,16.9667,0.421708,110.74995,0.25061700000000003,538,0,2301,3934,6235,11,2,5
576,2012-07-29,3.0,1,7,0,0,0,1,28.8667,0.667933,93.5625,0.170396,523,0,2153,4444,6597,409,3,6
355,2011-12-21,1.0,0,12,0,3,1,2,17.1333,0.428017,128.74995,0.2214,942,0,107,2553,2660,901,1,2
171,2011-06-20,2.0,0,6,0,1,1,2,25.4,0.595346,111.9375,0.155475,1018,0,699,3311,4010,300,2,0
60,2011-03-01,1.0,0,3,0,2,1,1,10.6667,0.263879,80.25,0.216425,971,0,137,1714,1851,1281,1,1
158,2011-06-07,2.0,0,6,0,2,1,1,28.3,0.65595,89.68755,0.187808,464,1,763,4070,4833,287,2,1
308,2011-11-04,4.0,0,11,0,5,1,2,16.1333,0.403392,93.375,0.271779,769,0,470,3576,4046,784,4,4
302,2011-10-29,4.0,0,10,0,6,0,3,10.1667,0.227913,132.375,0.351371,936,0,57,570,627,709,4,5
731,2012-12-31,1.0,1,12,0,1,1,2,8.6333,0.223487,86.625,0.154846,585,0,439,2290,2729,911,1,0
432,2012-03-07,,1,3,0,3,1,1,16.1667,0.3851,76.99995,0.345779,490,0,432,4484,4916,1287,1,2
178,2011-06-27,3.0,0,6,0,1,1,2,27.3,0.637004,98.74995,0.10758800000000003,819,0,854,3854,4708,307,3,0
212,2011-07-31,3.0,0,7,0,0,0,1,32.2333,0.729796,72.12495,0.16481300000000002,724,0,1524,2778,4302,411,3,6
553,2012-07-06,3.0,1,7,0,5,1,1,33.1333,0.752533,67.62495,0.146142,797,0,1366,4841,6207,386,3,4
84,2011-03-25,2.0,0,3,0,5,1,1,10.5667,0.256312,74.25,0.230725,776,0,300,1910,2210,5,2,4
728,2012-12-28,1.0,1,12,0,5,1,2,10.1333,0.255046,88.5,0.155471,562,0,644,2451,3095,908,1,4
172,2011-06-21,3.0,0,6,0,2,1,2,27.2333,0.637646,115.56255,0.171025,474,0,774,4061,4835,301,3,1
618,2012-09-09,,1,9,0,0,0,1,24.4,0.578925,82.125,0.224496,494,0,2570,5657,8227,589,3,6
223,2011-08-11,3.0,0,8,0,4,1,1,28.7,0.651521,63.5625,0.164796,980,0,812,3980,4792,491,3,3
2,2011-01-02,1.0,0,1,0,0,0,2,14.5391,0.353739,104.41305,0.248539,837,1,131,670,801,1082,1,6
688,2012-11-18,4.0,1,11,0,0,0,1,13.7,0.337746,103.93755,0.227612,899,0,922,3747,4669,798,4,6
51,2011-02-20,1.0,0,2,0,0,0,1,11.4087,0.27733,61.1739,0.223235,628,0,639,1173,1812,1200,1,6
147,2011-05-27,2.0,0,5,0,5,1,1,27.2667,0.637008,98.0625,0.240679,789,0,871,3808,4679,207,2,4
247,2011-09-04,3.0,0,9,0,0,0,1,28.3667,0.665429,111.31245,0.206467,606,0,2521,2419,4940,584,3,6
570,2012-07-23,3.0,1,7,0,1,1,1,29.6667,0.690017,104.12505,0.138683,603,0,1135,5831,6966,403,3,0
10,2011-01-10,1.0,0,1,0,1,1,1,6.0333,0.15088800000000002,72.43755,0.223267,897,0,41,1280,1321,1090,1,0
217,2011-08-05,3.0,0,8,0,5,1,1,28.4333,0.656567,94.62495,0.184696,747,0,1023,3843,4866,485,3,4
684,2012-11-14,4.0,1,11,0,3,1,1,11.5667,0.281563,82.81245,0.199625,478,0,373,5122,5495,794,4,2
75,2011-03-16,1.0,0,3,0,3,1,2,14.6087,0.36693,116.4783,0.203117,837,0,321,1871,2192,1296,1,2
610,2012-09-01,3.0,1,9,0,6,0,2,30.1333,0.702654,95.74995,0.113187,823,0,2352,3788,6140,581,3,5
544,2012-06-27,3.0,1,6,0,3,1,1,27.9,0.640792,54.0,0.271775,897,0,1077,6258,7335,307,3,2
495,2012-05-09,2.0,1,5,0,3,1,2,23.0,0.553025,111.62505,0.216412,571,0,620,4097,4717,189,2,2
443,2012-03-18,1.0,1,3,0,0,0,2,18.9,0.464,121.5,0.126883,1016,1,2207,3685,5892,1298,1,6
561,2012-07-14,3.0,1,7,0,6,0,2,28.1333,0.666042,104.87505,0.143679,809,0,2355,4614,6969,394,3,5
692,2012-11-22,,1,11,1,4,0,1,13.6,0.350371,87.06255,0.05287080000000001,535,0,955,1470,2425,802,4,3
494,2012-05-08,,1,5,0,2,1,2,23.2667,0.557471,102.87495,0.296029,596,0,738,4990,5728,188,2,1
99,2011-04-09,2.0,0,4,0,6,0,2,13.7,0.341529,131.625,0.13308299999999998,803,0,879,1576,2455,89,2,5
54,2011-02-23,1.0,0,2,0,3,1,1,8.8696,0.245717,63.45645,0.094113,674,1,139,1778,1917,1203,1,2
250,2011-09-07,3.0,0,9,0,3,1,3,23.9667,0.544229,137.56245,0.0970208,892,0,118,1878,1996,587,3,2
131,2011-05-11,2.0,0,5,0,3,1,1,21.7,0.5284,94.93755,0.120642,549,0,550,3632,4182,191,2,2
500,2012-05-14,2.0,1,5,0,1,1,2,22.9333,0.5499,118.43745,0.212692,768,0,342,2501,2843,194,2,0
522,2012-06-05,2.0,1,6,0,2,1,2,21.6333,0.525892,91.99995,0.209575,831,0,968,6033,7001,285,2,1
538,2012-06-21,3.0,1,6,0,4,1,1,32.2333,0.752542,85.18755,0.118787,692,0,778,5127,5905,301,3,3
191,2011-07-10,3.0,0,7,0,0,0,1,29.9,0.690025,86.74995,0.183471,492,0,1743,3138,4881,390,3,6
238,2011-08-26,3.0,0,8,0,5,1,1,28.0,0.659733,114.1875,0.0839625,875,0,768,3893,4661,506,3,4
80,2011-03-21,2.0,0,3,0,1,1,2,17.2174,0.409735,110.60865,0.288783,817,0,401,1676,2077,1,2,0
47,2011-02-16,1.0,0,2,0,3,1,1,12.7304,0.3162,63.5217,0.251791,1029,0,218,1897,2115,1196,1,2
6,2011-01-06,1.0,0,1,0,4,1,1,8.1739,0.23320900000000006,77.73915,0.0895652,734,1,88,1518,1606,1086,1,3
414,2012-02-18,1.0,1,2,0,6,0,1,13.8667,0.355425,80.18745,0.190929,900,0,1435,2883,4318,1198,1,5
384,2012-01-19,1.0,1,1,0,-1,1,1,7.6,0.190038,74.625,0.220158,637,0,130,3162,3292,1099,1,3
166,2011-06-15,,0,6,0,3,1,1,25.0667,0.587754,70.75005,0.16791199999999998,749,0,769,4411,5180,295,2,2
375,2012-01-10,1.0,1,1,0,2,1,1,12.3478,0.318826,96.9783,0.187552,598,0,173,3425,3598,1090,1,1
282,2011-10-09,4.0,0,10,0,0,0,1,21.6333,0.523983,109.125,0.06345,581,0,2397,3114,5511,689,4,6
224,2011-08-12,,0,8,0,5,1,1,28.3333,0.654042,62.25,-1.0,835,0,1051,3854,4905,492,3,4
521,2012-06-04,2.0,1,6,0,1,1,1,23.9,0.578283,73.06245,0.284833,860,0,1071,5927,6998,284,2,0
293,2011-10-20,4.0,0,10,0,4,1,1,19.0333,0.466525,95.4375,0.422275,751,1,471,3724,4195,700,4,3
635,2012-09-26,4.0,1,9,0,3,1,1,25.4,0.5966130000000001,94.62495,0.2444,1001,0,787,6946,7733,606,4,2
215,2011-08-03,3.0,0,8,0,3,1,2,29.2667,0.679937,98.625,0.13558299999999998,934,0,467,3107,3574,483,3,2
607,2012-08-29,3.0,1,8,0,3,1,1,27.4,0.635733,82.81245,0.112562,575,0,1177,6520,7697,509,3,2
177,2011-06-26,3.0,0,6,0,0,0,1,27.2,0.637629,76.99995,0.0945333,976,0,1920,3385,5305,306,3,6
36,2011-02-05,1.0,0,2,0,6,0,2,9.3333,0.243058,139.37505,0.161079,707,0,100,905,1005,1185,1,5
438,2012-03-13,1.0,1,3,0,2,1,1,22.6,0.542929,92.625,0.23695,889,0,762,5085,5847,1293,1,1
461,2012-04-05,,1,4,0,4,1,1,17.4,0.431163,56.12505,0.219529,518,1,1192,5265,6457,85,2,3
311,2011-11-07,4.0,0,11,0,-1,1,1,15.8,0.400871,113.8125,0.057225,606,0,373,3662,4035,787,4,0
379,2012-01-14,,1,1,0,6,0,1,7.2,0.183087,68.625,0.187183,944,0,333,2160,2493,1094,1,5
391,2012-01-26,1.0,1,1,0,4,1,2,13.6667,0.35605,115.43745,0.07339580000000001,784,1,244,3831,4075,1106,1,3
664,2012-10-25,4.0,1,10,0,4,1,2,22.0,0.529688,120.06255,0.124375,492,0,875,6484,7359,705,4,3
710,2012-12-10,4.0,1,12,0,1,1,2,17.4333,0.435575,138.75,0.190308,1031,0,329,4841,5170,890,4,0
563,2012-07-16,,1,7,0,1,1,1,30.5333,0.724125,96.75,0.164187,639,0,1088,5742,6830,396,3,0
678,2012-11-08,,1,11,0,4,1,1,14.087,0.341891,50.0217,0.347835,554,0,340,4975,5315,788,4,3
457,2012-04-01,2.0,1,4,0,0,0,2,17.0333,0.417287,101.4375,0.172267,664,0,2347,3694,6041,81,2,6
625,2012-09-16,3.0,1,9,0,0,0,1,23.2,0.563125,85.5,0.0901833,589,0,2166,5167,7333,596,3,6
616,2012-09-07,,1,9,0,5,1,1,28.1333,0.657204,,0.171646,929,0,1045,6459,7504,587,3,4
410,2012-02-14,1.0,1,2,0,2,1,2,12.7667,0.333946,76.3125,0.141179,921,1,135,3787,3922,1194,1,1
130,2011-05-10,2.0,0,5,0,2,1,1,21.3,0.522721,73.37505,0.115671,473,0,694,4109,4803,190,2,1
319,2011-11-15,4.0,0,11,0,2,1,2,21.2,0.507579,103.3125,0.199633,852,0,449,3746,4195,795,4,1
225,2011-08-13,3.0,0,8,0,6,0,2,27.4333,0.645858,109.43745,0.211454,935,0,1504,2646,4150,493,3,5
5,2011-01-05,1.0,0,1,0,3,1,1,9.0783,0.22927,65.54355,0.1869,745,0,82,1518,1600,1085,1,2
150,2011-05-30,2.0,0,5,1,1,0,1,29.3333,0.671092,102.75,0.131225,483,0,1549,2549,4098,210,2,0
727,2012-12-27,1.0,1,12,0,4,1,2,10.1667,0.226642,97.93755,0.350133,561,0,247,1867,2114,907,1,3
160,2011-06-09,2.0,0,6,0,4,1,2,32.3333,0.757579,85.24995,0.149883,906,0,563,3352,3915,289,2,3
207,2011-07-26,3.0,0,7,0,2,1,1,30.8667,0.696979,81.12495,0.200258,692,0,750,3840,4590,406,3,1
479,2012-04-23,,1,4,0,1,1,2,12.8667,0.301125,115.00005,0.303496,512,1,195,3019,3214,103,2,0
381,2012-01-16,1.0,1,1,1,1,0,1,7.6,0.190663,78.375,0.231358,709,0,217,2081,2298,1096,1,0
374,2012-01-09,1.0,1,1,0,1,1,2,8.9667,0.247479,105.25005,0.0989,644,0,106,2270,2376,1089,1,0
118,2011-04-28,,0,4,0,4,1,2,24.7,0.578929,,0.320908,763,0,569,3489,4058,108,2,3
73,2011-03-14,1.0,0,3,0,1,1,1,13.0087,0.332,74.54355,0.136926,926,0,359,1687,2046,1294,1,0
62,2011-03-03,1.0,0,3,0,4,1,1,7.9333,0.200133,47.74995,0.225754,759,0,123,1562,1685,1283,1,3
530,2012-06-13,2.0,1,6,0,3,1,1,26.2333,0.611117,87.31245,0.343279,865,0,1173,6248,7421,293,2,2
33,2011-02-02,1.0,0,2,0,3,1,2,10.4,0.254417,116.31255,0.264308,678,0,72,1454,1526,1182,1,2
57,2011-02-26,1.0,0,2,0,6,0,1,11.3,0.282192,80.68755,0.186571,522,0,424,1545,1969,1206,1,5
405,2012-02-09,1.0,1,2,0,4,1,1,10.6,0.261988,84.31245,0.194037,1010,0,163,3667,3830,1189,1,3
400,2012-02-04,1.0,1,2,0,6,0,2,10.5667,0.272725,116.93745,0.121896,953,1,384,2448,2832,1184,1,5
392,2012-01-27,,1,1,0,5,1,2,17.0,0.415383,111.1875,0.342667,977,0,269,3187,3456,1107,1,4
613,2012-09-04,3.0,1,9,0,2,1,1,29.0333,0.686888,113.25,0.236321,872,0,867,5997,6864,584,3,1
29,2011-01-29,1.0,0,1,0,6,0,1,7.8609,0.212126,,0.14536500000000002,1018,0,123,975,1098,1109,1,5
475,2012-04-19,2.0,1,4,0,4,1,1,19.9333,0.493046,91.875,0.0659292,584,0,846,5719,6565,99,2,3
307,2011-11-03,4.0,0,11,0,4,1,1,16.3333,0.405921,,0.136817,1021,0,318,3656,3974,783,4,3
340,2011-12-06,4.0,0,12,0,2,1,3,18.5,0.4564,142.43745,0.232583,459,0,126,2468,2594,886,4,1
114,2011-04-24,2.0,0,4,0,0,0,2,23.2667,0.551763,121.62495,0.192175,697,0,1710,2481,4191,104,2,6
674,2012-11-04,4.0,1,11,0,0,0,1,13.0333,0.329538,79.93755,0.179108,684,0,1201,3906,5107,784,4,6
454,2012-03-29,,1,3,0,4,1,1,19.7667,0.482304,65.87505,0.31965,956,0,834,5299,6133,9,2,3
165,2011-06-14,2.0,0,6,0,2,1,1,24.1667,0.591546,76.06245,0.269283,858,0,727,4164,4891,294,2,1
300,2011-10-27,4.0,0,10,0,4,1,2,18.8,0.457046,121.93755,0.197763,518,0,240,2419,2659,707,4,3
532,2012-06-15,2.0,1,6,0,5,1,1,25.5667,0.599754,88.43745,0.176617,709,0,1563,6102,7665,295,2,4
560,2012-07-13,3.0,1,7,0,5,1,2,29.2667,0.667933,72.87495,0.08085,500,0,1511,5988,7499,393,3,4
467,2012-04-11,2.0,1,4,0,3,1,1,13.9478,0.337274,70.43475,0.295274,767,0,482,4380,4862,91,2,2
567,2012-07-20,3.0,1,7,0,5,1,2,26.6333,0.613025,126.62505,0.208967,685,0,747,5123,5870,400,3,4
134,2011-05-14,2.0,0,5,0,6,0,2,20.8333,0.500629,138.375,0.13495,928,0,902,2507,3409,194,2,5
106,2011-04-16,2.0,0,4,0,6,0,3,17.2333,0.425492,133.24995,0.340808,577,0,121,674,795,96,2,5
585,2012-08-07,3.0,1,8,0,2,1,2,29.4333,0.697621,105.5625,0.116908,714,0,1278,5995,7273,487,3,1
325,2011-11-21,4.0,0,11,0,1,1,3,17.9,0.445062,136.5,0.138054,865,0,220,2545,2765,801,4,0
58,2011-02-27,1.0,0,2,0,0,0,1,13.7391,0.351109,102.0,0.125248,736,0,694,1708,2402,1207,1,6
263,2011-09-20,3.0,0,9,0,2,1,2,22.4667,0.532217,132.1875,0.134954,736,0,438,3203,3641,600,3,1
386,2012-01-21,1.0,1,1,0,6,0,2,6.9333,0.174875,124.6875,0.222642,798,0,67,1234,1301,1101,1,5
153,2011-06-02,2.0,0,6,0,4,1,1,28.6,0.643942,45.75,0.292287,740,1,736,4232,4968,282,2,3
451,2012-03-26,2.0,1,3,0,1,1,1,17.8333,0.43875,71.68755,0.386821,747,0,795,4763,5558,6,2,0
537,2012-06-20,2.0,1,6,0,3,1,1,31.3,0.720975,88.81245,0.11381199999999997,772,0,872,5339,6211,300,2,2
419,2012-02-23,1.0,1,2,0,4,1,1,18.1667,0.444446,83.18745,0.190913,509,0,516,4546,5062,1203,1,3
152,2011-06-01,2.0,0,6,0,3,1,2,30.5667,0.720967,101.56245,0.207092,694,0,513,3461,3974,281,2,2
445,2012-03-20,1.0,1,3,0,2,1,1,22.4333,0.538533,121.18755,0.121271,605,1,1051,5042,6093,0,2,1
275,2011-10-02,4.0,0,10,0,0,0,2,14.2667,0.345317,118.75005,0.222013,485,0,616,2302,2918,682,4,6
668,2012-10-29,4.0,1,10,0,1,1,3,17.6,0.4394,132.0,0.3582,1028,1,2,20,22,709,4,0
644,2012-10-05,4.0,1,10,0,5,1,1,24.6,0.580187,94.125,0.10635,484,0,1516,6640,8156,685,4,4
127,2011-05-07,2.0,0,5,0,6,0,1,20.8,0.512621,81.1875,0.16045,1014,0,1612,3102,4714,187,2,5
376,2012-01-11,1.0,1,1,0,3,1,2,10.9667,0.282821,127.125,0.131221,715,0,92,2085,2177,1091,1,2
236,2011-08-24,3.0,0,8,0,3,1,1,26.9333,0.630692,90.75,-1.0,935,0,949,4181,5130,504,3,2
573,2012-07-26,3.0,1,7,0,4,1,1,31.0667,0.739263,89.50005,0.28481300000000004,1012,0,1036,5825,6861,406,3,3
645,2012-10-06,4.0,1,10,0,6,0,1,22.1667,0.538521,99.62505,0.268025,755,0,3031,4934,7965,686,4,5
370,2012-01-05,,1,1,0,4,1,1,10.6333,0.278412,78.62505,0.129987,983,0,140,3132,3272,1085,1,3
125,2011-05-05,,0,5,0,4,1,1,18.3667,0.441917,66.62505,0.295392,789,0,614,3819,4433,185,2,3
21,2011-01-21,1.0,0,1,0,5,1,1,7.1,0.157833,68.56245,0.353242,725,0,75,1468,1543,1101,1,4
351,2011-12-17,4.0,0,12,0,-1,0,2,10.3333,0.249371,84.12495,0.243167,660,0,275,2464,2739,897,4,5
659,2012-10-20,4.0,1,10,0,6,0,1,19.3667,0.472842,85.93755,0.117537,988,0,2806,5284,8090,700,4,5
345,2011-12-11,4.0,0,12,0,-1,0,1,8.8333,0.253154,,0.0665417,695,0,377,2366,2743,891,4,6
528,2012-06-11,2.0,1,6,0,1,1,2,28.8333,0.659721,88.18755,0.207713,907,0,1017,5647,6664,291,2,0
493,2012-05-07,2.0,1,5,0,1,1,2,21.5,0.527142,99.62505,0.230721,893,1,1008,5265,6273,187,2,0
270,2011-09-27,4.0,0,9,0,2,1,2,25.4667,0.574525,132.81255,0.118171,903,1,477,3643,4120,607,4,1
82,2011-03-23,2.0,0,3,0,3,1,2,13.8783,0.337939,125.93475,0.234261,516,0,203,1918,2121,3,2,2
642,2012-10-03,4.0,1,10,0,3,1,2,26.3,0.599133,119.0625,0.0665458,727,0,728,6844,7572,683,4,2
611,2012-09-02,3.0,1,9,0,0,0,2,27.8667,0.649,122.25,0.06407080000000001,946,0,2613,3197,5810,582,3,6
720,2012-12-20,4.0,1,12,0,4,1,2,13.2,0.335217,100.18755,0.132463,883,0,314,3814,4128,900,4,3
525,2012-06-08,2.0,1,6,0,5,1,1,25.9667,0.597862,70.18755,0.17538299999999998,968,0,1488,6248,7736,288,2,4
338,2011-12-04,4.0,0,12,0,0,0,1,13.2333,0.3491,116.37495,0.08395830000000001,998,1,634,2851,3485,884,4,6
715,2012-12-15,4.0,1,12,0,6,0,1,12.9667,0.338383,97.56255,0.10635,619,0,767,4280,5047,895,4,5
402,2012-02-06,1.0,1,2,0,1,1,1,11.3044,0.296426,93.3261,0.1538,750,0,206,3578,3784,1186,1,0
43,2011-02-12,1.0,0,2,0,6,0,1,8.9,0.232954,81.62505,0.203367,709,0,288,1184,1472,1192,1,5
46,2011-02-15,1.0,0,2,0,2,1,1,10.6435,0.254274,47.1522,0.291374,565,0,140,1675,1815,1195,1,1
156,2011-06-05,2.0,0,6,0,0,0,2,25.9333,0.616804,97.875,0.138692,495,0,1685,3221,4906,285,2,6
149,2011-05-29,2.0,0,5,0,0,0,1,26.7,0.61555,,0.213938,667,1,2355,2433,4788,209,2,6
199,2011-07-18,3.0,0,7,0,1,1,1,29.8667,0.703925,97.6875,0.215804,840,0,841,3617,4458,398,3,0
123,2011-05-03,2.0,0,5,0,2,1,2,24.6667,0.582079,104.56245,0.342667,666,0,603,3848,4451,183,2,1
520,2012-06-03,2.0,1,6,0,0,0,1,24.1,0.575133,73.99995,0.184087,502,1,2494,5147,7641,283,2,6
294,2011-10-21,4.0,0,10,0,5,1,1,17.1,0.423596,86.12505,0.221396,918,0,676,3628,4304,701,4,4
364,2011-12-30,1.0,0,12,0,5,1,1,12.4667,0.318812,95.50005,0.13433699999999998,918,0,491,2508,2999,910,1,4
289,2011-10-16,4.0,0,10,0,0,0,1,20.4667,0.503154,73.00005,0.281717,576,1,1748,3293,5041,696,4,6
111,2011-04-21,2.0,0,4,0,4,1,1,18.3667,0.453892,61.06245,0.325258,995,0,745,3444,4189,101,2,3
671,2012-11-01,4.0,1,11,0,4,1,2,14.6333,0.369942,87.25005,0.157346,746,1,466,5520,5986,781,4,3
382,2012-01-17,1.0,1,1,0,2,1,2,14.9217,0.3642780000000001,107.41305,0.34913,786,0,127,2808,2935,1097,1,1
558,2012-07-11,3.0,1,7,0,3,1,1,28.6667,0.650271,94.99995,0.15173299999999998,707,0,975,6289,7264,391,3,2
507,2012-05-21,2.0,1,5,0,1,1,2,23.9333,0.565667,,0.233204,967,0,630,3729,4359,201,2,0
539,2012-06-22,3.0,1,6,0,5,1,1,31.1,0.724121,86.0625,0.182842,885,0,964,4859,5823,302,3,4
329,2011-11-25,,0,11,0,5,1,1,15.0,0.380671,96.5625,0.0988958,931,0,1095,1697,2792,805,4,4
403,2012-02-07,1.0,1,2,0,2,1,1,14.1667,0.361104,74.4375,0.147379,821,0,199,4176,4375,1187,1,1
138,2011-05-18,2.0,0,5,0,3,1,2,22.0,0.527158,,0.201492,832,0,536,3319,3855,198,2,2
297,2011-10-24,4.0,0,10,0,1,1,1,18.5333,0.457067,115.81245,0.118792,645,0,699,3488,4187,704,4,0
28,2011-01-28,1.0,0,1,0,5,1,2,8.1391,0.223317,118.95645,0.1233,854,0,38,1129,1167,1108,1,4
667,2012-10-28,,1,10,0,0,0,2,19.1,0.467771,104.18745,0.398008,822,0,998,3461,4459,708,4,6
122,2011-05-02,2.0,0,5,0,1,1,2,21.9667,0.532833,,0.183454,504,0,847,3554,4401,182,2,0
37,2011-02-06,1.0,0,2,0,0,0,1,11.4333,0.291671,85.24995,0.1418,565,0,354,1269,1623,1186,1,6
292,2011-10-19,4.0,0,10,0,3,1,3,21.6696,0.513848,134.28255,0.243339,502,0,254,2170,2424,699,4,2
535,2012-06-18,2.0,1,6,0,1,1,2,22.7333,0.544842,116.68755,0.174746,711,0,653,4446,5099,298,2,0
468,2012-04-12,2.0,1,4,0,4,1,1,15.9,0.387604,69.9375,0.290429,765,0,663,4746,5409,92,2,3
164,2011-06-13,2.0,0,6,0,1,1,1,25.4,0.601654,74.18745,0.30535,706,0,863,4157,5020,293,2,0
96,2011-04-06,2.0,0,4,0,3,1,1,15.6333,0.387608,70.62495,0.263063,789,0,413,2395,2808,86,2,2
482,2012-04-26,2.0,1,4,0,4,1,2,19.9333,0.483583,,0.176625,946,0,475,4551,5026,106,2,3
205,2011-07-24,3.0,0,7,0,0,0,1,33.2,0.794829,82.62495,0.16917100000000002,561,0,1050,2556,3606,404,3,6
174,2011-06-23,3.0,0,6,0,4,1,2,29.1333,0.693833,105.49995,0.238804,925,0,746,4044,4790,303,3,3
589,2012-08-11,,1,8,0,6,0,2,27.7,0.638267,109.93755,0.206479,538,0,2247,4052,6299,491,3,5
230,2011-08-18,3.0,0,8,0,4,1,1,28.4667,0.662258,98.18745,0.233208,846,0,639,3166,3805,498,3,3
649,2012-10-10,4.0,1,10,0,3,1,1,20.5667,0.503142,94.62495,0.187821,634,1,780,6911,7691,690,4,2
265,2011-09-22,3.0,0,9,0,4,1,2,25.1333,0.554963,135.31245,0.128125,919,0,555,4240,4795,602,3,3
79,2011-03-20,1.0,0,3,0,0,0,1,13.3,0.32575,71.0625,0.207721,870,0,1047,1424,2471,0,2,6
434,2012-03-09,1.0,1,3,0,5,1,2,16.4333,0.397083,61.06245,0.4148,576,0,447,4122,4569,1289,1,4
393,2012-01-28,1.0,1,1,0,6,0,1,12.6333,0.326379,81.49995,0.210829,479,0,775,3248,4023,1108,1,5
143,2011-05-23,,0,5,0,1,1,2,25.2667,0.590296,121.5,0.233842,545,0,836,3438,4274,203,2,0
543,2012-06-26,3.0,1,6,0,2,1,1,25.2333,0.594704,55.99995,0.347642,683,0,1077,6365,7442,306,3,1
26,2011-01-26,1.0,0,1,0,3,1,3,8.7,0.2036,129.375,0.29385,602,0,34,472,506,1106,1,2
112,2011-04-22,2.0,0,4,0,5,1,2,13.4667,0.321954,109.43745,0.219521,540,1,177,1506,1683,102,2,4
41,2011-02-10,1.0,0,2,0,4,1,1,5.7739,0.149548,65.60865,0.221935,840,0,47,1491,1538,1190,1,3
719,2012-12-19,,1,12,0,3,1,1,13.3,0.342162,93.81255,0.184092,951,0,333,4934,5267,899,4,2
429,2012-03-04,1.0,1,3,0,0,0,1,13.0333,0.303021,60.49995,0.334571,569,0,710,2713,3423,1284,1,6
600,2012-08-22,3.0,1,8,0,3,1,1,26.7,0.621854,101.56245,0.0702833,553,0,1094,6281,7375,502,3,2
663,2012-10-24,4.0,1,10,0,3,1,1,23.5,0.558721,95.4375,0.07277919999999999,707,0,795,6898,7693,704,4,2
463,2012-04-07,2.0,1,4,0,6,0,1,17.5,0.426129,38.12505,0.274871,875,0,3252,3605,6857,87,2,5
104,2011-04-14,2.0,0,4,0,4,1,1,18.7,0.462742,81.06255,0.1107,726,0,529,2738,3267,94,2,3
395,2012-01-30,1.0,1,1,0,1,1,1,10.7667,0.262625,60.12495,0.215792,470,0,126,3498,3624,1110,1,0
226,2011-08-14,3.0,0,8,0,0,0,2,27.0667,0.624388,122.625,0.222633,959,0,1338,2482,3820,494,3,6
309,2011-11-05,4.0,0,11,0,6,0,1,13.0667,0.323854,77.87505,0.189062,563,0,1156,2770,3926,785,4,5
256,2011-09-13,3.0,0,9,0,2,1,1,26.0333,0.603554,106.875,0.141804,652,1,701,4062,4763,593,3,1
679,2012-11-09,,1,11,0,5,1,1,14.4667,0.35541300000000003,81.12495,0.214558,738,0,709,5283,5992,789,4,4
647,2012-10-08,4.0,1,10,1,1,0,2,15.3333,0.387608,106.43745,0.189679,925,0,874,4604,5478,688,4,0
423,2012-02-27,1.0,1,2,0,1,1,1,14.6667,0.357954,73.62495,0.268033,490,0,253,4069,4322,1207,1,0
622,2012-09-13,3.0,1,9,0,4,1,1,24.5,0.579558,95.56245,0.08272080000000001,702,0,1054,6750,7804,593,3,3
662,2012-10-23,4.0,1,10,0,2,1,1,21.7667,0.530304,,0.0945458,601,0,841,6625,7466,703,4,1
629,2012-09-20,3.0,1,9,0,4,1,1,21.8667,0.532192,92.74995,0.118167,990,1,939,6781,7720,600,3,3
707,2012-12-07,4.0,1,12,0,5,1,2,12.8333,0.321958,114.62505,0.1306,708,0,349,4659,5008,887,4,4
601,2012-08-23,3.0,1,8,0,4,1,1,27.8333,0.637008,95.37495,0.08459580000000001,665,0,1363,6402,7765,503,3,3
486,2012-04-30,2.0,1,4,0,1,1,2,18.5667,0.457696,85.5,0.171638,628,0,665,4907,5572,110,2,0
140,2011-05-20,2.0,0,5,0,5,1,1,21.4667,0.529042,107.93745,0.125013,528,0,909,4008,4917,200,2,4
187,2011-07-06,3.0,0,7,0,3,1,1,28.8,0.685633,111.49995,0.149883,780,0,784,3845,4629,386,3,2
330,2011-11-26,4.0,0,11,0,6,0,1,15.0333,0.385087,102.25005,0.0684208,602,0,1249,1819,3068,806,4,5
249,2011-09-06,3.0,0,9,0,2,1,3,21.6,0.5152,133.04355,0.343943,763,0,204,2506,2710,586,3,1
98,2011-04-08,2.0,0,4,0,5,1,2,13.4333,0.324479,125.4375,0.226992,907,0,172,1299,1471,88,2,4
584,2012-08-06,3.0,1,8,0,1,1,2,30.1,0.710246,98.12505,0.129354,861,1,1233,5780,7013,486,3,0
115,2011-04-25,2.0,0,4,0,1,1,1,24.2667,0.5745,116.50005,0.185333,757,0,773,3300,4073,105,2,0
288,2011-10-15,4.0,0,10,0,6,0,1,20.2667,0.498725,72.49995,0.258083,1021,1,1899,3318,5217,695,4,5
48,2011-02-17,1.0,0,2,0,4,1,1,17.4333,0.428658,75.75,0.230104,756,0,259,2216,2475,1197,1,3
617,2012-09-08,3.0,1,9,0,6,0,2,26.3667,0.611121,119.87505,0.281104,824,0,1557,4419,5976,588,3,5
655,2012-10-16,4.0,1,10,0,2,1,1,18.7333,0.460846,83.74995,0.182221,513,0,922,6612,7534,696,4,1
50,2011-02-19,,0,2,0,6,0,1,15.9667,0.391404,28.18755,0.507463,623,0,532,1103,1635,1199,1,5
52,2011-02-21,1.0,0,2,1,1,0,2,12.1333,0.284075,90.75,0.307846,802,0,195,912,1107,1201,1,0
404,2012-02-08,1.0,1,2,0,3,1,2,10.2667,0.266421,108.43755,0.133721,510,0,109,2693,2802,1188,1,2
418,2012-02-22,1.0,1,2,0,3,1,1,15.8333,0.392667,85.18755,0.234471,655,0,394,4379,4773,1202,1,2
258,2011-09-15,,0,9,0,4,1,2,23.1,0.553671,106.37505,0.271146,501,0,428,3231,3659,595,3,3
262,2011-09-19,3.0,0,9,0,1,1,2,21.9667,0.529675,103.5,0.15174200000000002,912,0,691,3848,4539,599,3,0
581,2012-08-03,3.0,1,8,0,5,1,2,30.6333,0.722867,96.375,0.215792,937,1,1328,5847,7175,483,3,4
623,2012-09-14,3.0,1,9,0,5,1,1,25.3333,0.594083,100.875,0.103863,918,0,1379,6630,8009,594,3,4
279,2011-10-06,4.0,0,10,0,4,1,1,19.7667,0.480425,93.12495,0.134954,1017,0,639,4126,4765,686,4,3
348,2011-12-14,,0,12,0,-1,1,2,12.7,0.338362,99.5625,0.060958300000000014,781,1,178,3562,3740,894,4,2
264,2011-09-21,3.0,0,9,0,3,1,2,23.8,0.5505329999999999,135.0,0.0964042,1000,0,539,3813,4352,601,3,2
536,2012-06-19,2.0,1,6,0,2,1,1,27.5333,0.654692,103.5,0.148017,826,1,968,5857,6825,299,2,1
328,2011-11-24,4.0,0,11,1,4,0,1,14.9333,0.372471,82.37505,0.167304,785,0,560,935,1495,804,4,3
68,2011-03-09,1.0,0,3,0,3,1,2,11.8333,0.286608,116.31255,0.22015,521,1,191,1700,1891,1289,1,2
107,2011-04-17,2.0,0,4,0,-1,0,1,18.2667,0.445696,71.93745,0.303496,676,0,1558,2186,3744,97,2,6
430,2012-03-05,1.0,1,3,0,1,1,1,9.7333,0.241171,75.9375,0.228858,1019,0,203,3130,3333,1285,1,0
334,2011-11-30,4.0,0,11,0,3,1,1,13.0,0.311221,91.99995,0.271158,832,1,188,3425,3613,810,4,2
575,2012-07-28,3.0,1,7,0,6,0,1,30.2333,0.697604,91.99995,0.15735,508,0,2234,4451,6685,408,3,5
176,2011-06-25,,0,6,0,6,0,1,27.8,0.643313,72.49995,0.209571,465,0,1782,3420,5202,305,3,5
219,2011-08-07,3.0,0,8,0,0,0,1,29.7,0.715292,112.93755,0.201487,769,0,1298,2487,3785,487,3,6
19,2011-01-19,1.0,0,1,0,3,1,2,11.687000000000001,0.298422,111.26085,0.208317,1024,0,78,1572,1650,1099,1,2
93,2011-04-03,2.0,0,4,0,0,0,1,15.1333,0.378767,72.0,0.182213,829,0,1651,1598,3249,83,2,6
686,2012-11-16,4.0,1,11,0,5,1,1,13.8,0.347204,78.68745,0.171025,603,0,484,5214,5698,796,4,4
76,2011-03-17,1.0,0,3,0,4,1,1,16.6,0.410333,90.43755,0.209579,649,0,424,2320,2744,1297,1,3
72,2011-03-13,1.0,0,3,0,0,0,1,15.3739,0.380091,79.10865,0.270604,943,0,982,1435,2417,1293,1,6
523,2012-06-06,2.0,1,6,0,3,1,1,22.1667,0.542292,91.6875,0.077125,978,0,1027,6028,7055,286,2,2
534,2012-06-17,2.0,1,6,0,0,0,1,23.7,0.571975,89.8125,0.144904,615,0,2634,4344,6978,297,2,6
237,2011-08-25,3.0,0,8,0,4,1,2,27.3667,0.645854,115.75005,0.210833,786,0,435,3107,3542,505,3,3
192,2011-07-11,3.0,0,7,0,1,1,1,30.5,0.729804,95.37495,0.282337,730,0,723,3363,4086,391,3,0
480,2012-04-24,2.0,1,4,0,2,1,1,16.5333,0.405283,68.12505,0.249383,621,1,518,5115,5633,104,2,1
356,2011-12-22,1.0,0,12,0,4,1,2,16.9333,0.426121,113.625,0.047275,472,0,227,2841,3068,902,1,3
621,2012-09-12,3.0,1,9,0,3,1,1,23.9667,0.570075,86.56245,0.131846,930,0,1050,6820,7870,592,3,2
568,2012-07-21,3.0,1,7,0,6,0,3,23.8333,0.549912,129.81255,0.2133,839,0,1264,3195,4459,401,3,5
295,2011-10-22,4.0,0,10,0,6,0,1,16.9,0.425492,94.37505,0.0926667,695,1,1499,2809,4308,702,4,5
324,2011-11-20,4.0,0,11,0,0,0,2,18.5333,0.457058,102.68745,0.18595,1032,1,787,2733,3520,800,4,6
460,2012-04-04,2.0,1,4,0,3,1,1,21.6667,0.53345,70.43745,0.180975,1010,1,1058,5378,6436,84,2,2
449,2012-03-24,2.0,1,3,0,6,0,2,20.1,0.486733,132.81255,0.192783,618,0,1033,2339,3372,4,2,5
318,2011-11-14,4.0,0,11,0,-1,1,1,21.2,0.524612,88.06245,0.306596,608,0,595,3891,4486,794,4,0
331,2011-11-27,4.0,0,11,0,0,0,1,18.3667,0.4558,104.74995,0.208954,646,0,810,2261,3071,807,4,6
17,2011-01-17,1.0,0,1,1,1,0,2,7.0333,0.176771,80.625,0.194017,650,0,117,883,1000,1097,1,0
22,2011-01-22,1.0,0,1,0,6,0,1,2.3652,0.0790696,60.0,0.17197,891,0,93,888,981,1102,1,5
677,2012-11-07,4.0,1,11,0,3,1,2,11.8333,0.274621,82.125,0.304108,654,0,326,4709,5035,787,4,2
380,2012-01-15,1.0,1,1,0,0,0,1,6.6667,0.161625,62.87505,0.251258,871,1,284,2027,2311,1095,1,6
222,2011-08-10,3.0,0,8,0,3,1,1,30.6667,0.684983,63.62505,0.200258,709,0,884,3896,4780,490,3,2
39,2011-02-08,1.0,0,2,0,2,1,1,8.8333,0.198246,80.68755,0.36195,611,0,64,1466,1530,1188,1,1
182,2011-07-01,3.0,0,7,0,5,1,1,28.9,0.652162,59.4375,0.102608,795,0,1246,4116,5362,381,3,4
235,2011-08-23,,0,8,0,2,1,1,25.6333,0.606067,68.31255,0.146763,982,0,1281,4614,5895,503,3,1
630,2012-09-21,3.0,1,9,0,5,1,1,23.9667,0.571971,100.3125,0.154229,902,0,1250,6917,8167,601,3,4
344,2011-12-10,4.0,0,12,0,6,0,1,11.0,0.266412,76.125,0.233221,657,0,502,2688,3190,890,4,5
516,2012-05-30,2.0,1,5,0,3,1,2,26.2667,0.611129,100.5,0.134329,595,0,745,6110,6855,210,2,2
128,2011-05-08,2.0,0,5,0,0,0,1,21.1333,0.518933,94.75005,0.0746375,991,0,1401,2932,4333,188,2,6
326,2011-11-22,4.0,0,11,0,2,1,3,16.6667,0.421696,144.375,0.118792,525,0,69,1538,1607,802,4,1
327,2011-11-23,4.0,0,11,0,3,1,2,17.6333,0.430537,113.68755,0.335825,587,0,112,2454,2566,803,4,2
286,2011-10-13,4.0,0,10,0,4,1,2,23.5667,0.551804,134.50005,0.141787,929,0,290,2623,2913,693,4,3
470,2012-04-14,2.0,1,4,0,6,0,1,19.8,0.487996,75.43755,0.190917,748,1,2795,4665,7460,94,2,5
15,2011-01-15,1.0,0,1,0,6,0,2,9.3333,0.248112,74.8125,0.15796300000000002,991,0,222,1026,1248,1095,1,5
25,2011-01-25,1.0,0,1,0,2,1,2,8.9391,0.234526,92.54355,0.129796,977,0,186,1799,1985,1105,1,1
216,2011-08-04,3.0,0,8,0,4,1,2,28.4,0.664788,113.625,0.19715,939,1,799,3777,4576,484,3,3
660,2012-10-21,4.0,1,10,0,0,0,1,18.5667,0.456429,76.5,0.166054,521,0,2132,4692,6824,701,4,6
513,2012-05-27,2.0,1,5,0,0,0,1,27.6,0.641425,104.56245,0.215171,1005,0,3283,3308,6591,207,2,6
691,2012-11-21,4.0,1,11,0,3,1,1,14.1333,0.364892,92.0625,0.103246,666,0,615,4531,5146,801,4,2
614,2012-09-05,3.0,1,9,0,3,1,1,29.4667,0.708983,111.1875,0.187808,546,0,832,6280,7112,585,3,2
137,2011-05-17,2.0,0,5,0,2,1,2,22.4667,0.538529,125.68755,0.277354,537,0,678,3445,4123,197,2,1
136,2011-05-16,2.0,0,5,0,1,1,1,23.1,0.550512,118.18755,0.126871,470,0,773,3185,3958,196,2,0
383,2012-01-18,1.0,1,1,0,3,1,1,12.1333,0.275254,66.49995,0.415429,553,0,109,3267,3376,1098,1,2
697,2012-11-27,4.0,1,11,0,2,1,2,11.6667,0.281558,118.00005,0.237562,675,0,123,3836,3959,807,4,1
729,2012-12-29,1.0,1,12,0,6,0,2,10.1333,0.2424,112.93755,0.124383,783,0,159,1182,1341,909,1,5
301,2011-10-28,4.0,0,10,0,5,1,2,13.2333,0.318812,87.87495,0.229479,599,0,456,3291,3747,708,4,4
124,2011-05-04,,0,5,0,3,1,2,16.5667,0.40465,110.56245,0.328996,569,0,255,2378,2633,184,2,2
148,2011-05-28,2.0,0,5,0,6,0,1,26.2333,0.612379,109.43745,0.230092,712,0,2001,2757,4758,208,2,5
306,2011-11-02,4.0,0,11,0,3,1,1,15.1,0.390133,107.8125,0.08209169999999999,810,1,370,3816,4186,782,4,2
546,2012-06-29,3.0,1,6,0,5,1,1,33.3667,0.786613,73.3125,0.165417,600,0,829,4634,5463,309,3,4
23,2011-01-23,1.0,0,1,0,0,0,1,3.8609,0.0988391,65.4783,0.2466,932,1,150,836,986,1103,1,6
675,2012-11-05,4.0,1,11,0,1,1,1,12.7667,0.308075,74.12505,0.236325,491,0,378,4881,5259,785,4,0
281,2011-10-08,4.0,0,10,0,6,0,1,20.8667,0.513242,,0.0454042,746,1,2235,3174,5409,688,4,5
633,2012-09-24,4.0,1,9,0,1,1,1,20.5667,0.502513,73.93755,0.142404,944,1,1001,6435,7436,604,4,0
45,2011-02-14,1.0,0,2,0,1,1,1,16.6,0.39835,56.37495,0.417908,949,1,208,1705,1913,1194,1,0
139,2011-05-19,2.0,0,5,0,4,1,2,21.2333,0.510742,124.43745,0.10821300000000003,878,0,735,3840,4575,199,2,3
77,2011-03-18,1.0,0,3,0,5,1,1,21.6,0.5270090000000001,78.78255,0.231017,799,0,884,2355,3239,1298,1,4
108,2011-04-18,,0,4,0,1,1,1,20.5,0.503146,81.375,0.16356700000000002,637,0,669,2760,3429,98,2,0
204,2011-07-23,3.0,0,7,0,6,0,1,33.9667,0.804287,75.0,0.131221,944,0,987,2298,3285,403,3,5
245,2011-09-02,3.0,0,9,0,5,1,2,25.7333,0.604808,,0.139929,908,0,875,3852,4727,582,3,4
411,2012-02-15,1.0,1,2,0,3,1,1,13.9333,0.351629,79.6875,0.1816,998,1,141,4028,4169,1195,1,2
444,2012-03-19,1.0,1,3,0,1,1,1,21.8,0.532821,109.3125,0.16231700000000002,773,0,982,5171,6153,1299,1,0
369,2012-01-04,1.0,1,1,0,3,1,2,4.3,0.11933699999999997,62.18745,0.1847,726,0,95,2273,2368,1084,1,2
717,2012-12-17,4.0,1,12,0,1,1,2,15.7333,0.4015,136.06245,0.0982583,692,0,212,4373,4585,897,4,0
462,2012-04-06,2.0,1,4,0,5,1,1,16.1333,0.390767,,0.300388,603,0,1807,4653,6460,86,2,4
336,2011-12-02,,0,12,0,5,1,1,12.5667,0.331433,93.87495,0.100754,492,0,268,3672,3940,882,4,4
78,2011-03-19,1.0,0,3,0,6,0,1,18.9,0.466525,56.87505,0.368167,1022,1,1424,1693,3117,1299,1,5
81,2011-03-22,,0,3,0,2,1,1,17.6667,0.440642,93.68745,0.22575,551,0,460,2243,2703,2,2,1
377,2012-01-12,1.0,1,1,0,4,1,2,15.3,0.381938,120.43755,0.180967,520,0,269,3828,4097,1092,1,3
299,2011-10-26,4.0,0,10,0,3,1,2,19.3667,0.472846,108.06255,0.148642,605,0,404,3490,3894,706,4,2
497,2012-05-11,2.0,1,5,0,5,1,1,21.3333,0.520833,54.06255,0.236937,570,1,1319,5711,7030,191,2,4
